id,x1,z1,x2,z2
a_coruna,-84724.5,26790.8,-83724.5,27527.8
a_coruna,-83714.6,27159.4,-83370.2,27428.1
a_coruna,-83341.3,27541.9,-83023.6,27741.9
a_coruna,-83140.9,25857.3,-80903.7,27531.0
a_coruna,-77827.4,26474.0,-77557.7,26724.0
aalborg,-594.0,-35194.9,-194.0,-34694.9
aalborg,-148.7,-35850.3,351.3,-35400.3
aalborg,481.9,-36295.7,1231.9,-35745.7
aalborg,1828.1,-36465.1,2328.1,-35815.1
aarhus,690.7,-31564.2,1901.5,-29850.9
aberdeen,-39596.8,-56040.5,-38096.8,-54540.5
ajaccio,-10531.6,47850.8,-9531.6,49350.8
ajaccio,-9634.0,50454.9,-9484.0,50604.9
albacete,-59346.4,57330.3,-58294.7,58874.0
albacete,-58698.7,58877.1,-57976.7,59427.1
albacete,-58355.5,58394.9,-58255.5,58494.9
alban,-26203.7,28716.2,-25703.7,29216.2
alesund,-8981.7,-67681.1,-6372.1,-66679.7
algeciras,-80942.4,69036.4,-78942.9,71486.4
algeciras,-78902.8,69507.8,-78202.8,70807.8
almaraz,-74733.7,49374.4,-74433.7,49658.2
almeria,-65506.2,66552.0,-65206.2,66852.0
almeria,-64181.0,69612.9,-63478.3,70037.9
almeria,-63728.0,69091.0,-63456.3,69391.0
almeria,-63417.4,66745.7,-63217.4,66945.7
almeria,-63004.8,69281.9,-62321.4,70619.7
alta,32634.9,-113907.5,33723.2,-111964.7
amsterdam,-19737.0,-12831.4,-17524.6,-11620.4
amsterdam,-19174.0,-11370.5,-18912.0,-11291.8
amsterdam,-18948.8,-11496.2,-18686.9,-11098.4
amsterdam,-18726.8,-11713.8,-17513.7,-11056.0
amsterdam,-16881.9,-11056.7,-16782.0,-10881.3
ancona,6334.1,38281.7,6634.1,38541.7
ancona,6452.9,38555.4,6652.9,38755.4
ancona,8643.4,39187.0,9243.4,39787.0
ancona,9424.3,39138.2,11224.3,40338.2
ancona,10441.5,40815.9,10941.5,41245.9
andenes,18460.8,-109363.4,19656.3,-107677.1
antwerp,-23847.0,-7230.7,-22757.2,-5457.0
antwerp,-22265.0,-6197.0,-21149.3,-5219.3
argostoli,40367.1,70221.3,40788.7,70897.2
argostoli,40676.7,71078.3,40915.6,71459.9
argostoli,41080.8,69630.2,41259.9,69802.9
argostoli,41175.3,70650.7,41346.0,70833.4
argostoli,41175.3,70650.7,41346.0,70833.4
argostoli,41222.8,71237.5,42047.4,71764.7
argostoli,41724.8,70720.5,42053.0,70985.6
argostoli,42118.8,71221.0,42426.3,71389.1
arvidsjaur,24216.2,-86521.6,24367.3,-86355.6
arvidsjaur,25249.2,-85132.7,25363.8,-85002.0
arvidsjaur,25959.0,-84482.2,26886.8,-83756.0
athens,54086.1,70386.3,54306.5,70716.7
athens,54946.0,68029.6,57548.3,71190.4
athens,56192.6,67991.1,56351.5,68084.7
athens,57280.3,68365.8,57422.3,68667.2
athens,57649.4,68579.7,58149.4,69079.7
bacau,61887.3,18223.8,62387.3,18723.8
badajoz,-83250.0,52860.4,-81798.8,54091.5
badajoz,-80234.1,53175.4,-80084.1,53325.4
badajoz,-76504.0,53947.2,-76204.0,54207.2
badajoz,-74786.3,52557.0,-74486.3,52957.0
bailen,-69463.5,61585.2,-69113.5,61785.2
banja_luka,23810.5,32049.3,24110.5,32545.9
banja_luka,25091.7,32552.0,25157.5,32618.6
banja_luka,25242.0,32435.6,26932.2,33990.8
banja_luka,25602.9,35222.6,25829.4,35479.2
banja_luka,29764.4,33182.8,29984.2,33604.9
barcelona,-40360.1,47101.9,-36172.9,49044.9
bari,22578.2,53831.3,25031.0,54831.3
bari,22770.9,55669.6,23020.9,55819.6
bari,23051.4,54875.7,23201.4,54995.7
bari,23173.8,54990.2,23923.8,55540.2
bari,24121.9,54965.6,24201.9,55045.6
bastia,-7539.7,43566.2,-6739.7,44766.2
bastia,-7107.7,46520.3,-6957.7,46670.3
bastia,-6984.1,47288.8,-6834.1,47438.8
bastia,-6786.2,45264.0,-6636.2,45414.0
bayonne,-52332.1,33317.3,-51137.9,34317.3
beja,-88339.3,56611.1,-87601.7,57370.3
beograd,34552.1,32526.8,34889.4,32997.0
beograd,37599.7,30580.5,38502.5,32488.3
beograd,37774.0,34562.6,38011.2,34875.5
beograd,38497.7,31433.2,40195.8,32677.1
beograd,40011.8,33246.9,40514.2,33500.1
beograd,40195.4,29730.8,40639.4,30484.9
beograd,40345.0,32914.9,40530.2,33089.7
beograd,40628.0,28792.3,40884.7,29127.7
beograd,41976.9,30142.3,42194.0,30325.8
beograd,42416.7,32782.6,42675.8,33097.1
bergen,-10571.7,-56397.8,-10171.7,-55197.8
bergen,-10265.0,-57133.7,-9905.0,-56893.7
berlin,8897.6,-11127.3,10914.2,-8730.7
berlin,10357.0,-10874.5,11796.2,-9887.2
berlin,11168.6,-11246.1,11281.2,-11134.7
berlin,12325.3,-10396.6,13125.3,-9296.6
bern,-16365.8,19639.5,-16265.8,19783.9
bern,-14101.0,19486.2,-13341.3,20038.5
bern,-13382.4,19870.6,-11225.8,21065.3
bern,-13256.3,22545.9,-13064.7,22740.6
bern,-11274.3,23572.6,-11108.0,23707.3
bialystok,43134.5,-15311.6,43334.5,-15111.6
bialystok,43598.3,-15603.5,44598.3,-14603.5
bialystok,45048.2,-14550.5,45248.2,-14400.5
bihac,20200.4,32348.9,21818.4,33483.1
bihac,22433.0,34248.1,22602.0,34621.6
bijelo_polje,33761.1,41839.9,33894.9,41953.4
bijelo_polje,36073.6,41721.8,36862.7,42321.8
bijelo_polje,36120.4,42548.7,36140.4,42598.7
bijelo_polje,36504.4,42653.1,36804.4,42859.3
bilbao,-58855.1,32583.3,-57361.6,33275.8
bilbao,-58173.3,34592.4,-57763.2,35142.4
bilbao,-57615.4,33829.8,-57002.9,34579.8
birmingham,-46451.2,-20943.1,-45451.2,-19943.1
bitola,42922.4,52635.4,43522.4,52985.4
bitola,43682.7,52420.4,44482.7,53220.4
bitola,44568.8,52364.5,45569.1,53164.5
bitola,44944.4,51972.0,45088.6,52433.3
bitola,45168.5,52060.7,45740.9,52368.6
bitola,46610.8,51097.1,46776.2,51348.9
bitola,47473.8,50737.8,47661.7,50972.1
bodo,14025.2,-94728.7,15345.2,-93095.7
bodo,17546.0,-94199.6,17668.5,-93959.6
bologna,-267.7,34690.6,132.3,35090.6
bologna,220.0,33482.8,2020.0,34082.8
bologna,3080.9,34737.8,3680.9,35337.8
bologna,3191.7,32384.9,3691.7,32884.9
bologna,4121.2,36009.3,4263.2,36089.3
bonifacio,-8719.9,51934.8,-8219.9,52534.8
bordeaux,-49195.5,26992.2,-48895.5,27292.2
bordeaux,-48337.3,27661.5,-47637.3,28161.5
bordeaux,-48089.3,25781.0,-47889.3,25931.0
bordeaux,-47836.2,26440.0,-47086.2,26950.0
bordeaux,-46894.5,29728.1,-46744.5,29878.1
bordeaux,-46434.8,26131.5,-45434.8,27131.5
bordeaux,-46188.7,27204.3,-46088.7,27304.3
bordeaux,-45007.3,25388.5,-44857.3,25548.5
borlange,13359.1,-56825.3,13523.2,-56547.7
borlange,16134.5,-55376.5,16384.6,-55155.9
borlange,16199.1,-55838.6,16888.9,-54605.8
borlange,16567.3,-55230.3,18156.1,-54021.4
bourges,-35340.8,15899.5,-35190.8,16049.5
bourges,-32495.2,13322.8,-32295.2,13522.8
bourges,-32224.9,16948.7,-31974.9,17108.7
bourges,-32141.9,16080.4,-31761.9,16430.4
bourges,-31997.1,16594.8,-31979.9,16626.3
brasov,57315.4,24419.8,58115.4,25219.8
brasov,57615.0,25451.9,57915.0,25751.9
brasov,57674.3,23056.6,57974.3,23256.6
brasov,58002.2,23332.7,58502.2,23732.7
brasov,58532.4,24966.8,58752.4,25166.8
brasov,60417.5,22579.8,60747.5,22879.8
bratislava,24023.2,14410.9,25623.2,15210.9
bratislava,24658.8,12010.3,24761.8,12198.3
bremen,-6197.9,-15066.6,-4892.3,-13477.4
bremen,-5551.3,-17150.0,-5432.0,-16971.2
bremen,-4970.3,-16877.2,-4860.3,-16733.9
bremen,-2762.7,-13341.4,-2625.2,-13215.2
brest,-57421.5,3199.2,-56121.5,4499.2
brest,-56647.1,5100.9,-56577.5,5203.6
brest,-56555.7,4592.3,-55905.7,5242.3
brest,-55410.2,3073.9,-54810.2,3573.9
brest,-54277.8,5786.2,-53977.8,6086.2
brest,-53796.6,4180.6,-53496.6,4480.6
brno,20750.2,7996.5,20930.2,8126.5
brno,21826.1,9755.5,22126.1,10155.5
brno,21873.7,8794.8,22673.7,9094.8
brussel,-23504.4,-3583.6,-22054.4,-1151.4
bucuresti,60541.9,28938.1,61541.9,30138.1
bucuresti,60720.9,31233.5,61520.9,32133.5
bucuresti,60907.2,30142.2,61107.2,30192.2
bucuresti,60975.6,30278.1,61475.6,30978.1
bucuresti,62229.8,30698.3,62529.8,30848.3
bucuresti,62668.5,31066.0,62818.5,31236.0
budapest,31817.7,17362.6,32917.7,18362.6
burgas,66797.0,39860.5,69797.0,41860.5
burgas,67000.5,43178.7,67120.5,43298.7
burgas,67658.1,42083.1,67908.1,42333.1
burgos,-65162.9,36102.7,-64912.9,36302.7
burgos,-62334.1,37141.1,-61334.1,38272.8
burgos,-60603.9,38315.9,-60303.9,38610.4
bystrica,32257.5,10360.4,33057.5,10960.4
bystrica,32620.2,9271.7,32740.2,9491.7
cagliari,-11462.9,62960.5,-10962.9,63460.5
cagliari,-10296.8,63337.8,-9796.8,63837.8
cagliari,-10160.9,64051.8,-9360.9,64851.8
cagliari,-9356.5,62636.6,-8956.5,63036.6
cagliari,-9324.1,63146.2,-9024.1,63446.2
cagliari,-9188.7,61434.5,-9038.7,61584.5
calais,-31140.5,-5505.8,-29540.5,-4505.8
calarasi,65124.5,30737.7,67024.5,31737.7
calvi,-10636.0,45497.4,-9436.0,46497.4
cambridge,-37322.8,-16539.5,-36322.8,-15739.5
cardiff,-54555.4,-15118.6,-53455.4,-14318.6
cardiff,-53282.4,-17055.5,-52882.4,-16655.5
carlisle,-46439.3,-40093.6,-45339.3,-39093.6
cassino,10623.0,52425.2,10773.0,52525.2
cassino,11496.2,52215.4,11586.2,52305.4
cassino,11994.9,52500.1,12194.9,52700.1
cassino,12043.9,52064.9,12543.9,52364.9
cassino,12574.9,52821.7,12674.9,52941.7
catania,14497.8,74554.0,14639.8,74634.0
catania,14990.0,76368.7,15190.0,76568.7
catania,15647.7,72672.7,15847.7,72872.7
catania,16090.3,75562.4,16970.3,76312.4
catania,16127.2,74527.8,17227.2,75207.8
catania,16420.7,74982.4,16520.7,75082.4
catania,17100.4,76786.0,17300.4,76986.0
catanzaro,21328.1,66949.6,21528.1,67149.6
catanzaro,21975.6,67597.4,22055.6,67737.4
catanzaro,21998.4,60937.6,22298.4,61137.6
catanzaro,23291.7,66425.8,24291.7,67425.8
cernavoda,68929.4,29395.2,70229.4,30595.2
chania,57171.5,84474.8,58851.2,85305.6
chania,58794.3,84222.4,59561.9,85004.6
chania,62102.9,84805.3,62323.0,84940.0
chania,62578.3,84781.3,62604.4,84867.3
chios,65697.3,65459.2,66431.5,66878.7
chios,66031.6,67444.4,66694.8,68075.0
ciudad_real,-68946.2,55954.8,-67945.8,56954.8
ciudad_real,-67755.7,56965.8,-67340.8,57261.3
ciudad_real,-66792.9,56431.1,-66404.0,56831.1
ciudad_real,-65028.6,55396.0,-64506.2,55896.0
civaux,-39279.8,17996.8,-38779.8,18546.8
clermont,-31047.6,24228.3,-29847.6,25128.3
clermont,-29472.3,25097.6,-28972.3,25497.6
clermont,-28647.0,25678.2,-28497.0,25828.2
clermont,-28324.6,25119.9,-28124.6,25319.9
cluj_napoca,49028.2,17957.1,51578.2,18557.1
cluj_napoca,49168.7,18903.9,49668.7,19403.9
cluj_napoca,50150.1,18866.0,51450.1,19466.0
coimbra,-87901.6,43976.8,-85268.7,45476.8
constanta,70615.9,29383.8,70815.9,29583.8
constanta,71265.0,28727.7,71965.0,29427.7
constanta,71381.5,30500.7,72081.5,31200.7
constanta,71513.8,31571.8,71763.8,31721.8
constanta,72004.4,31710.7,72704.4,32410.7
cordoba,-75312.6,60356.8,-73312.6,61356.8
cordoba,-74402.2,61412.9,-74302.2,61512.9
cordoba,-74324.5,61917.0,-73824.5,62417.0
cordoba,-72608.3,61212.2,-72298.3,61512.2
corticadas,-88668.9,52508.4,-88368.9,52808.4
craiova,50918.4,32508.4,52918.4,33908.4
craiova,53018.0,32463.9,53168.0,32713.9
daugavpils,52325.3,-32925.8,53825.3,-30925.8
daugavpils,53814.6,-33598.3,54014.6,-33398.3
debrecen,41291.5,16863.6,41991.5,18063.6
debrecen,41788.8,16240.9,41938.8,16390.9
dijon,-22820.2,16285.4,-22120.2,16985.4
dijon,-21060.4,17147.3,-20940.4,17297.3
dombas,-476.5,-65363.7,-64.1,-64408.7
dortmund,-12417.9,-7868.4,-9991.3,-5675.5
dover,-33772.1,-8554.5,-32872.1,-7254.5
dover,-32681.6,-7449.2,-32381.6,-7149.2
dresden,10610.6,-2322.9,10750.1,-2161.8
dresden,10684.3,-2878.5,12300.4,-1099.6
duisburg,-14901.0,-8553.0,-13369.0,-7320.9
duisburg,-14784.3,-7334.1,-12819.0,-5639.5
durres,35460.6,51403.8,36922.6,52631.3
dusseldorf,-14473.1,-5635.5,-12680.7,-3602.2
dusseldorf,-12707.1,-4909.8,-12066.3,-3792.6
edinburgh,-45400.9,-47889.8,-44400.9,-46589.8
edirne,64295.9,46409.0,65895.9,47209.0
edirne,64945.2,49795.6,65095.2,49945.6
edirne,66205.9,46453.4,66355.9,46573.4
edirne,66720.9,46806.8,66840.9,46926.8
eindhoven,-18235.4,-7617.6,-17166.2,-6406.7
eindhoven,-17595.5,-7776.0,-16388.7,-6702.9
eindhoven,-16726.4,-6141.7,-16671.1,-6015.7
el_ejido,-67994.7,69188.3,-67954.7,69288.3
el_ejido,-67984.0,69530.5,-67684.0,69930.5
el_ejido,-67717.4,68991.3,-67617.4,69141.3
el_ejido,-67415.0,69303.0,-67385.0,69403.0
erfurt,1242.8,-3312.9,1803.1,-2741.7
erfurt,1740.5,-3217.0,3228.7,-1303.3
esbjerg,-5274.6,-27976.0,-4124.6,-27176.0
esbjerg,-4329.5,-28475.6,-4217.1,-28316.5
esbjerg,-4266.4,-31743.3,-4166.8,-31633.0
esbjerg,-4232.1,-32734.1,-4132.1,-32634.1
esbjerg,-4002.2,-27241.5,-3802.2,-27081.5
evora,-87442.3,54044.3,-86392.3,55094.3
falun,17269.3,-56842.3,19727.8,-55566.5
falun,19755.4,-56518.9,20060.0,-56282.7
falun,20439.0,-56506.8,20624.4,-56263.9
faro,-90530.3,62415.6,-90430.3,62515.6
faro,-90212.8,62058.2,-89612.8,62658.2
felixstowe,-31964.7,-14857.3,-31364.7,-12857.3
fier,37012.0,53891.4,39512.0,55991.4
firenze,-214.8,41035.6,-14.8,41235.6
firenze,581.6,38367.8,1581.6,39317.8
firenze,802.5,41029.6,952.5,41179.6
firenze,1714.9,40847.0,1914.9,41047.0
frankfurt,-8798.2,3147.9,-8478.0,3568.8
frankfurt,-8590.5,3491.6,-8440.5,3791.6
frankfurt,-8140.6,3010.5,-7841.0,3483.7
frankfurt,-6983.7,1597.0,-4183.7,3397.0
frederikshv,2361.6,-38541.9,3061.6,-37781.3
galati,64480.5,26644.1,64680.5,26844.1
galati,65333.1,26318.1,65533.1,26518.1
galati,65828.4,24430.2,65948.4,24550.2
galati,66046.0,23352.9,68046.0,25552.9
galati,67947.4,22610.8,68097.4,22760.8
gavle,21855.5,-55861.4,21955.5,-55761.4
gavle,22008.3,-57300.2,24677.3,-55323.0
gdansk,27643.0,-21539.7,29043.0,-19739.7
gdansk,29162.8,-19449.5,29342.8,-19299.5
gedser,5925.4,-22775.8,6045.4,-22655.8
gedser,5971.0,-22420.5,6571.0,-21620.5
geneve,-19414.5,23714.9,-18478.3,24101.3
geneve,-18506.8,22793.2,-17052.0,24416.1
geneve,-18309.1,22868.6,-18193.5,22990.2
geneve,-16406.9,22072.2,-16106.9,22314.5
genova,-9232.4,34876.0,-6832.4,35876.0
genova,-5530.2,36176.9,-5388.2,36256.9
gijon,-70985.8,28247.3,-69470.4,30240.6
gijon,-70721.8,30397.3,-70421.8,30697.3
glasgow,-51134.8,-49241.7,-49634.8,-47741.7
glasgow,-49930.8,-51668.5,-49530.8,-51228.5
golfech,-40845.5,31102.4,-39945.5,31802.4
goteborg,6197.3,-41947.8,6597.3,-41290.5
goteborg,7008.7,-42076.1,7408.7,-41525.6
goteborg,7241.0,-40514.4,7486.2,-40176.2
goteborg,7716.9,-43735.8,7866.9,-43585.8
goteborg,7991.1,-39974.7,8691.1,-39174.7
goteborg,9951.8,-40549.0,10201.8,-40299.0
granada,-70482.1,65656.9,-69882.1,66506.9
granada,-69863.7,65059.6,-69563.7,65359.6
granada,-68649.6,65376.7,-68499.6,65396.7
granada,-68618.5,66721.4,-68468.5,66741.4
granada,-66740.6,65645.7,-66440.6,65845.7
graz,15498.0,17309.1,15698.0,17459.1
graz,16923.9,18287.9,17123.9,18434.5
graz,17518.3,21174.7,18118.3,21724.7
graz,17849.6,19104.2,18049.6,19304.2
graz,18211.0,19941.7,19118.9,20841.7
graz,18785.0,20856.7,19092.4,21111.3
grimsby,-36868.0,-27345.3,-35368.0,-25845.3
groningen,-15883.2,-13632.2,-15681.7,-13342.6
groningen,-15727.9,-15763.0,-15602.5,-15646.4
groningen,-14166.2,-15964.0,-13677.9,-15477.7
groningen,-13998.3,-12431.3,-13878.7,-12323.4
groningen,-13462.5,-16463.7,-12218.8,-15074.8
guarda,-82192.3,43708.6,-81392.3,44308.6
guarda,-80960.8,43227.0,-80360.8,43427.0
guarda,-80189.5,43733.3,-79689.5,44038.5
hamar,4072.7,-59036.9,6037.9,-56402.8
hamburg,-2996.4,-17401.6,-383.8,-15309.6
hannover,-3001.8,-10199.3,-1005.7,-7971.4
hannover,-2239.8,-10487.1,-1031.4,-10115.7
hannover,-1041.0,-10210.8,-441.0,-9010.8
hannover,-296.3,-9030.7,3.7,-8730.7
haparanda,36820.9,-87202.1,37585.0,-86686.6
helsingborg,9005.1,-30526.4,9805.1,-29278.7
helsinki,40556.1,-55059.0,40696.1,-54889.0
helsinki,40622.2,-54582.6,40792.2,-54412.6
helsinki,42966.8,-56878.4,43166.8,-56478.4
helsinki,43311.8,-56444.2,43911.8,-56044.2
helsinki,43942.0,-58016.0,44442.0,-57516.0
helsinki,44164.0,-56744.0,44725.1,-56066.3
helsinki,44470.2,-56161.6,45420.2,-55261.6
helsinki,45429.2,-57837.8,45629.2,-57637.8
helsinki,45950.3,-56213.0,46650.3,-55323.0
helsinki,47221.5,-56721.7,47421.5,-56521.7
heraklion,65729.5,84599.5,66733.8,86691.6
heraklion,65798.8,85313.2,65876.7,85402.5
hirtshals,775.3,-39243.4,2075.3,-38543.4
honningsvag,34895.2,-120636.2,35012.4,-120513.9
honningsvag,37299.6,-120477.8,37863.2,-119522.0
huelva,-84837.6,62064.2,-84537.6,63064.2
huelva,-84502.7,63228.3,-83402.7,64028.3
huelva,-82920.8,63716.1,-82720.8,63916.1
hunedoara,48141.7,25594.7,49891.7,26594.7
hunedoara,49798.8,23694.8,49998.8,23894.8
iasi,63246.3,13443.7,66246.3,16443.7
innsbruck,1325.1,18867.6,1525.1,19067.6
innsbruck,1710.8,19182.4,3310.8,19982.4
ioannina,41466.2,60374.4,42575.2,62379.5
istanbul,71832.7,45931.3,72732.7,46431.3
istanbul,73653.4,45623.8,77853.4,49623.8
ivalo,38743.7,-110291.6,38887.4,-110146.7
ivalo,41928.3,-105703.2,44630.2,-103635.7
ivalo,42788.7,-101227.8,43247.7,-100661.5
joensuu,54140.4,-73605.9,56087.4,-71568.5
joensuu,56956.6,-69903.7,57185.5,-69728.8
jonkoping,11933.3,-42024.2,12075.2,-41868.8
jonkoping,12015.6,-39805.2,12515.6,-39205.2
jonkoping,13877.1,-40045.7,14477.1,-39145.7
jonkoping,15473.1,-42251.9,15738.2,-42151.9
jyvaskyla,43040.4,-68276.8,45890.0,-66158.0
jyvaskyla,43240.5,-68893.9,43816.9,-68659.7
jyvaskyla,43540.2,-66200.3,43795.2,-65799.6
kajaani,46759.9,-79918.6,47512.6,-78705.9
kajaani,47203.1,-77161.3,47316.5,-77061.3
kajaani,47364.5,-81027.3,47610.8,-80852.5
kajaani,47532.7,-79487.0,48737.5,-78671.5
kalamata,47748.4,76880.0,47918.8,77008.1
kalamata,49651.9,76071.9,51583.7,77521.1
kalamata,50195.0,73470.6,50325.7,73587.1
kaliningrad,32766.5,-23504.1,34166.5,-22504.1
kaliningrad,34049.0,-22159.4,34199.0,-22009.4
kaliningrad,34148.3,-21907.4,34448.3,-21707.4
kaliningrad,34315.1,-23251.5,34415.1,-23151.5
kaliningrad,34631.8,-22467.8,35181.8,-21917.8
kaliningrad,34699.6,-23822.0,35549.6,-22972.0
kaliningrad,40183.8,-23737.4,40403.8,-23517.4
kalmar,19387.7,-34928.6,19887.7,-34128.6
kalmar,19959.4,-34554.6,21159.4,-32754.6
kalmar,20284.7,-38077.0,20434.7,-37927.0
kapellskar,27787.4,-51382.8,28587.4,-50582.8
karakaj,33097.7,32893.2,33689.5,33074.9
karakaj,33799.3,33203.4,34677.0,34154.7
karesuando,31538.4,-103049.5,32671.9,-102286.9
karlovo,57506.3,41637.6,58606.3,42437.6
karlovo,59798.4,41050.8,59998.4,41250.8
karlskrona,16745.4,-31232.5,17545.4,-30532.5
karlskrona,17019.1,-31622.7,17319.1,-31372.7
karlskrona,17473.0,-30144.7,17973.0,-29544.7
karlstad,12451.3,-48848.6,13724.9,-47379.6
karlstad,13214.2,-49692.9,13414.2,-49492.9
karlstad,13708.3,-49270.4,13822.7,-49123.4
karlstad,13718.2,-48276.9,14118.2,-47676.9
kassel,-4321.2,-4569.8,-2518.7,-2925.3
kassel,-2506.5,-3817.7,-1792.5,-3052.7
katowice,30278.7,1988.7,31178.7,2888.7
katowice,32068.2,1168.9,32568.2,1668.9
kaunas,43761.6,-27003.7,43911.6,-26853.7
kaunas,44077.7,-26896.2,44177.7,-26796.2
kaunas,44146.5,-27550.8,44346.5,-27300.8
kaunas,44413.9,-26267.9,46713.9,-24467.9
kaunas,47079.4,-26185.8,47279.4,-25985.8
kaunas,47438.0,-26935.4,47628.0,-26485.4
kavala,56953.1,51626.7,58517.3,53054.7
kavala,58515.1,51951.8,58965.8,52520.5
kavala,59164.9,51642.9,59323.3,51795.7
kavala,59917.7,51554.3,60291.8,51964.3
kiel,278.5,-22703.7,1996.2,-20514.8
kiruna,26355.0,-99210.0,28624.0,-97357.9
kiruna,28728.4,-98583.3,28991.4,-98220.3
klagenfurt,9332.1,20825.3,9532.1,20975.3
klagenfurt,9533.2,22429.7,9633.2,22602.7
klagenfurt,13297.0,22755.8,14797.0,23819.3
klagenfurt,15270.6,22400.0,15670.6,22900.0
klaipeda,35592.7,-29939.7,37092.7,-27539.7
klaipeda,37173.4,-31173.3,37313.4,-31033.3
kobenhavn,6537.5,-29202.4,8824.1,-27784.6
kobenhavn,7240.0,-27229.1,7977.7,-26611.5
kobenhavn,7274.7,-27310.5,7417.3,-27148.5
kobenhavn,7902.4,-27564.1,8188.2,-27350.0
kobenhavn,8030.7,-27222.4,8422.7,-26604.8
kokkola,35676.7,-75245.4,38241.7,-74679.8
kokkola,35850.8,-75766.0,36556.4,-75245.7
kokkola,37078.8,-76074.1,37266.2,-75867.8
koln,-13641.1,-3576.6,-11456.3,-1332.1
koper,10733.8,28959.6,11733.8,29913.4
kosice,38906.2,11164.7,39406.2,11664.7
kosice,39343.8,9974.3,40343.8,10974.3
kotka,48172.6,-59379.2,48372.6,-59179.2
kotka,48907.3,-57613.7,49557.3,-57113.7
kotka,49619.9,-58615.8,50869.9,-57515.8
kouvola,48376.1,-60829.1,49176.1,-60029.1
kouvola,49318.6,-60076.6,49518.6,-59876.6
kouvola,49328.5,-59485.8,49628.5,-59285.8
kouvola,49713.8,-60843.7,50013.8,-60473.7
kozloduy,52508.0,36077.2,52808.0,36377.2
kragujevac,36280.9,37204.4,36599.9,37656.2
kragujevac,39881.0,36012.5,41481.0,37312.5
kragujevac,40155.9,37036.1,40405.9,37536.1
kragujevac,41442.8,36145.1,41942.8,36445.1
kragujevac,42131.9,35919.9,42819.1,36670.1
kragujevac,45333.5,35994.0,45573.6,36260.1
krakow,33970.1,2757.6,34970.1,3657.6
krakow,35243.4,2389.1,35443.4,2589.1
kristiansand,-8052.9,-44068.1,-7902.9,-43918.1
kristiansand,-6938.0,-42743.0,-6776.7,-42604.6
kristiansand,-6889.2,-42774.9,-6089.2,-42074.9
kristiansand,-6063.0,-43462.0,-5013.0,-42662.0
kristiansand,-4788.4,-43061.6,-4488.4,-42761.6
kristiansund,-3896.2,-70875.3,-2046.2,-69875.3
kunda,49435.2,-52624.8,50135.2,-52024.8
kunda,50345.2,-52339.6,50595.2,-52089.6
kuopio,48139.2,-73863.1,48380.8,-73664.0
kuopio,48244.0,-71937.5,50274.8,-70084.1
kuopio,49089.5,-74111.3,49257.0,-73928.8
kuopio,49139.9,-71830.1,49183.9,-71798.1
kuopio,49215.7,-73147.8,49950.1,-72628.2
kuusamo,48503.0,-88245.0,48996.4,-87943.2
kuusamo,48547.3,-90348.6,49876.0,-89050.4
lacq,-49503.6,35706.5,-48203.6,36206.5
lahti,44525.8,-60813.8,44940.8,-60513.8
lahti,44942.1,-61177.1,45964.5,-59977.1
lamia,49093.1,64715.2,50388.8,65642.8
lamia,49850.3,65885.5,50281.1,66150.7
lamia,50487.0,65549.1,50687.0,65749.1
lappeenranta,51000.7,-62255.2,51079.2,-62186.7
lappeenranta,51895.3,-64039.8,53258.8,-62785.3
lappeenranta,52442.2,-62374.4,53204.8,-61530.1
lappeenranta,53712.4,-62662.9,54022.3,-62087.5
larissa,49166.2,61109.2,50766.2,62832.7
larissa,50978.8,64014.3,51278.8,64414.3
larochelle,-47313.3,18665.5,-45823.3,19485.5
larochelle,-46863.0,20061.3,-45363.0,20961.3
larochelle,-46580.9,19507.4,-46570.9,19517.4
larochelle,-45059.7,18133.5,-44929.7,18263.5
laurent,-35899.8,13234.1,-35399.8,14134.1
lehavre,-40497.1,5248.1,-40317.1,5428.1
lehavre,-39044.3,845.4,-36744.3,2145.4
lehavre,-36329.1,1062.4,-35729.1,1562.4
lehavre,-35149.9,632.9,-34649.9,1132.9
leipzig,4672.2,-4969.5,4901.7,-4768.4
leipzig,5926.1,-3872.9,6469.1,-3532.3
leipzig,6213.3,-3866.4,7568.1,-1879.3
leipzig,6236.1,-4309.6,6779.1,-3969.0
leipzig,6723.4,-3863.1,7266.4,-3332.6
leipzig,6862.6,-4266.2,7310.4,-3776.4
lemans,-43679.0,10627.5,-43479.0,10827.5
lemans,-40665.6,13778.5,-40495.6,13908.5
lemans,-40249.9,9198.3,-39249.9,10198.3
lemans,-38213.4,8560.0,-38063.4,8710.0
lemans,-36082.8,9491.3,-35932.8,9601.3
leon,-72356.0,35181.9,-71530.5,35726.6
leon,-70940.3,34227.5,-69912.2,35365.2
liege,-19795.0,1399.9,-19671.4,1499.9
liege,-17623.2,-1475.5,-16520.3,-701.2
liege,-17211.6,597.8,-17086.6,762.3
liepaja,34204.4,-34145.1,36454.4,-32495.1
liepaja,36422.3,-32397.2,36622.3,-32197.2
liepaja,36500.1,-34736.4,36680.1,-34556.4
liepaja,37323.6,-33499.5,37473.6,-33349.5
lile_rousse,-9164.8,44256.2,-8664.8,45056.2
lile_rousse,-8664.1,44464.5,-8564.1,44564.5
lille,-26839.5,-2930.4,-26239.5,-2030.4
lillehammer,2843.4,-62110.7,3058.5,-61951.3
lillehammer,3631.1,-58296.2,3852.8,-58108.2
lillehammer,3890.9,-58957.6,3982.0,-58886.3
lillehammer,3898.7,-59855.8,4807.5,-58611.8
limoges,-40475.7,22983.1,-40325.7,23133.1
limoges,-37817.4,23211.9,-37017.4,24011.9
limoges,-37072.1,25583.4,-36922.1,25703.4
limoges,-34400.7,25087.5,-34030.7,25387.5
linkoping,16893.8,-45169.4,17093.8,-44869.4
linkoping,17223.9,-44386.3,17343.9,-44266.3
linkoping,17511.5,-43713.0,19311.5,-42513.0
linkoping,19606.5,-43430.2,19806.5,-43230.2
linz,12886.3,13343.5,14386.3,14467.3
linz,14363.0,14935.0,14663.0,15235.0
linz,14633.2,13555.6,15033.2,13855.6
linz,15918.5,14643.4,16218.5,14943.4
lisboa,-93310.5,49853.3,-92110.5,51453.3
lisboa,-92626.0,47493.1,-91626.0,48493.1
lisboa,-90642.2,52575.0,-89964.8,53675.0
lisboa,-90414.9,48320.4,-89814.9,49020.4
liverpool,-49621.9,-29862.0,-48121.9,-28362.0
liverpool,-48344.0,-27910.5,-48194.0,-27790.5
livorno,-2968.4,39681.7,-1968.4,40681.7
livorno,-2487.4,36446.2,-2287.4,36646.2
livorno,-1352.9,38870.8,-352.9,39470.8
ljubljana,12515.4,24107.7,12938.9,24452.7
ljubljana,14444.3,26370.3,14937.0,27114.4
ljubljana,14798.0,25545.1,15998.0,26345.1
lleida,-46573.1,45027.2,-46423.1,45177.2
lleida,-45830.9,44928.7,-45180.9,45278.7
lleida,-44685.0,45236.2,-44385.0,45486.2
lodz,31264.3,-6664.0,32764.3,-5664.0
london,-40197.0,-12259.3,-38897.0,-10909.3
loviisa,47567.3,-57357.9,47867.3,-57057.9
lublin,42744.1,-4625.1,43744.1,-3625.1
luga,59346.3,-50665.3,60746.3,-49465.3
luga,60039.8,-51264.8,60239.8,-51064.8
lulea,30767.0,-87298.2,34690.0,-85369.9
luxembourg,-17148.9,2687.4,-16133.3,4329.2
luxembourg,-17087.7,2673.0,-16984.8,2746.1
lyon,-24795.9,23594.9,-23995.9,24194.9
lyon,-24478.0,24957.9,-23278.0,26157.9
lyon,-22992.4,25647.5,-22692.4,25947.5
lyon,-22476.5,25500.4,-21976.5,26000.4
lyon,-21444.0,26226.2,-21044.0,26626.2
madrid,-67563.4,49879.8,-66569.4,50561.9
madrid,-66360.9,50482.3,-65472.2,51723.5
madrid,-65897.8,48202.9,-64897.8,49199.1
madrid,-65731.9,49431.2,-64951.9,49991.2
madrid,-64948.5,49987.6,-64297.6,50838.9
madrid,-64412.6,46520.4,-64062.6,46770.4
madrid,-64035.0,48307.0,-63235.0,49118.8
madrid,-62237.0,50637.6,-61743.3,50964.7
magdeburg,2720.6,-7488.9,2876.9,-7363.5
magdeburg,3740.2,-8890.4,4866.6,-7749.5
magdeburg,4282.4,-9205.5,4537.2,-9044.9
malaga,-75279.5,66994.5,-74218.6,67594.5
malaga,-74294.3,68209.9,-71794.3,69409.9
malaga,-71938.4,67950.7,-71638.4,68150.7
malmo,10232.9,-28003.7,11256.6,-26998.9
manchester,-46298.8,-28585.1,-44798.8,-27085.1
mangalia,71227.6,32960.7,71927.6,33660.7
mannheim,-8619.2,5146.7,-7254.5,6815.4
mannheim,-8162.4,6839.4,-7509.2,6841.7
mannheim,-6876.9,6762.4,-6595.1,6881.1
mannheim,-6617.2,7386.5,-5149.1,7822.3
maribor,18074.5,22717.3,19314.3,23663.0
marseille,-26131.7,38254.0,-26031.7,38354.0
marseille,-24222.5,38440.7,-22722.5,39940.7
marseille,-22871.4,39316.6,-21771.4,40816.6
marseille,-21524.7,33075.9,-21324.7,33275.9
marseille,-19925.4,39421.1,-19525.4,39621.1
marseille,-19212.0,35828.1,-19092.0,35998.1
mazeikiai,39184.3,-33079.8,39684.3,-32579.8
mengibar,-68015.0,62969.7,-67615.0,63269.7
messina,17975.7,70539.2,18775.7,71389.2
metz,-17475.4,6703.1,-17310.4,6903.1
metz,-16594.6,7093.6,-15994.6,7793.6
mikkeli,48296.9,-66026.8,50301.5,-64684.7
mikkeli,48585.4,-66196.4,48827.9,-65966.5
milano,-9261.8,28185.6,-9061.8,28385.6
milano,-8489.6,28773.1,-8289.6,28973.1
milano,-7916.6,28693.6,-5716.6,30143.6
milano,-7513.6,27400.6,-7213.6,27700.6
milano,-5477.2,29345.9,-4827.2,29745.9
mitilini,65390.7,61329.8,65743.6,61624.2
mitilini,65476.7,62311.3,65797.0,62619.6
mitilini,65591.7,60105.7,66743.2,64203.5
mitilini,65802.1,60601.6,66110.6,61073.0
mitilini,65914.6,62535.4,66166.0,62848.0
mitilini,66330.8,61153.2,66458.5,61237.3
mo_i_rana,13351.8,-88643.1,14774.2,-87343.1
mo_i_rana,15910.6,-88725.8,16079.6,-88522.6
montpellier,-31351.1,36284.2,-31151.1,36484.2
montpellier,-30520.9,34669.4,-30320.9,34869.4
montpellier,-30502.5,35532.5,-29602.5,36682.5
montpellier,-29239.7,35836.9,-28739.7,36336.9
montpellier,-28831.4,36695.9,-27831.4,37695.9
montpellier,-27831.5,36245.4,-27681.5,36395.4
montpellier,-27720.5,35918.2,-27570.5,36028.2
montpellier,-25335.4,36370.5,-25215.4,36490.5
mostar,27775.5,40503.6,29191.8,41467.7
munchen,2258.6,13012.9,2477.2,13653.5
munchen,2474.1,13403.1,5039.1,15796.1
munchen,3551.7,13003.9,4393.7,13434.8
murcia,-59075.1,65287.9,-58375.1,65637.9
murcia,-57100.6,63373.4,-56700.6,64273.4
murcia,-57095.3,66310.1,-56795.3,66610.1
murcia,-56677.2,64214.1,-56427.2,64464.1
murcia,-56671.1,63691.2,-56121.1,64191.2
murcia,-56501.8,64632.6,-56001.8,65532.6
murcia,-55974.5,64553.4,-55074.5,65003.4
murcia,-53540.3,60895.1,-53140.3,61076.9
naantali,34710.1,-56782.5,35510.1,-55982.5
naantali,35579.8,-56199.8,35779.8,-55999.8
nantes,-50320.0,10778.4,-49920.0,11178.4
nantes,-49276.5,14644.3,-49126.5,14794.3
nantes,-49004.1,12362.3,-47704.1,13362.3
nantes,-47988.4,14373.9,-47838.4,14523.9
nantes,-47221.1,13091.9,-47121.1,13191.9
nantes,-45324.6,13688.1,-45174.6,13838.1
napoli,12418.1,55071.9,14218.1,57081.9
napoli,14028.8,54518.9,14633.8,54768.9
napoli,16775.4,57483.0,16917.4,57563.0
napoli,17928.8,59738.5,18328.8,60138.5
narva,51685.3,-52183.9,51835.3,-52033.9
narva,53982.0,-52882.4,54782.0,-52082.4
narvik,20076.2,-101161.6,20393.7,-101010.4
narvik,20156.8,-102329.1,21756.8,-99846.1
narvik,20329.2,-100234.6,21270.3,-99842.7
narvik,23494.8,-102125.9,23668.0,-101996.2
navia,-75364.8,28218.7,-74964.8,28568.7
navia,-75062.1,27800.5,-74662.1,28150.5
newcastle,-40128.2,-39307.8,-39428.2,-38307.8
newcastle,-38548.1,-39758.8,-38148.1,-39358.8
nice,-16625.2,36351.2,-15325.2,37651.2
nice,-16426.9,38790.8,-16156.9,38910.8
nice,-16009.1,37824.6,-15709.1,38124.6
nice,-15870.5,37786.0,-15170.5,38586.0
nice,-13250.2,36794.6,-13130.2,36914.6
niksic,32904.2,42799.2,34272.0,43838.5
niksic,32931.5,43126.6,33016.0,43196.1
nis,43543.0,40652.4,44193.0,41302.4
nis,44790.0,39326.8,45812.2,39961.3
nis,44989.1,43812.4,45234.6,44087.1
nis,45707.6,39996.5,46752.3,40654.8
nis,45825.4,39482.2,47580.8,39838.4
novi_sad,34928.2,27398.6,35116.6,27595.6
novi_sad,35308.9,29357.5,36716.9,30265.0
novi_sad,36139.6,28461.5,36822.1,29030.2
novo_mesto,16101.7,27209.0,17351.7,27909.0
nurnberg,257.4,4673.8,767.0,4956.9
nurnberg,701.4,4956.9,1211.0,5240.0
nurnberg,853.5,5416.1,2844.7,7581.0
nurnberg,1244.9,7580.6,2084.2,8114.8
nurnberg,2874.2,5377.2,2916.5,5454.9
nynashamn,24731.9,-46649.2,25331.9,-45699.9
o_barco,-78059.9,33877.0,-77809.9,34127.0
o_barco,-77471.9,33979.8,-77071.9,34379.8
o_barco,-76152.2,34541.7,-75652.2,35041.7
odense,684.9,-26009.8,1216.8,-25509.8
odense,1016.9,-26813.0,1700.7,-26175.4
olbia,-9524.9,58427.7,-9424.9,58527.7
olbia,-8348.9,53072.2,-8148.9,53272.2
olbia,-8030.3,57776.0,-7830.3,57976.0
olbia,-7765.9,54715.4,-6265.9,55715.4
olbia,-5950.2,57039.8,-5750.2,57239.8
olhao,-89220.6,61890.7,-88062.2,62990.7
olkiluoto,34005.1,-60278.3,34505.1,-59778.3
olsztyn,34258.5,-18406.1,35258.5,-17406.1
olsztyn,34610.4,-17170.5,34810.4,-16970.5
orebro,16112.3,-47667.6,16912.3,-46967.6
orebro,16587.7,-48894.8,17587.7,-47894.8
ornskoldsvik,24096.8,-72187.6,26763.0,-69960.0
osijek,30929.5,29536.3,31155.5,29748.3
osijek,31000.5,28372.9,31758.4,29024.2
osijek,32268.7,28539.9,32509.2,28787.7
osijek,32565.2,28967.1,33294.1,29574.3
oslo,1408.7,-50997.8,1570.1,-50839.1
oslo,1584.3,-53559.4,1901.2,-52976.9
oslo,1653.7,-51180.6,1753.7,-51080.6
oslo,1668.6,-53873.5,2057.3,-53473.5
oslo,2970.6,-53768.8,3170.6,-53648.8
oslo,4140.8,-53680.7,4640.8,-53180.7
oslo,4554.5,-52120.9,5054.5,-51620.9
oslo,5497.9,-52683.9,5747.9,-52433.9
osnabruck,-8682.9,-10493.7,-7471.0,-9357.0
ostersund,14175.4,-71425.4,16514.4,-70469.5
ostersund,15794.8,-67609.4,15894.8,-67509.4
ostersund,16774.5,-71185.7,17174.5,-70785.7
ostersund,16785.2,-72428.7,17061.6,-72212.5
ostersund,17333.7,-72537.6,17416.1,-72433.8
ostrava,27831.2,4724.7,28631.2,5613.3
oulu,40223.2,-83628.7,43296.1,-81338.3
oulu,41740.6,-84669.6,43192.0,-83625.2
paldiski,42144.9,-50332.1,42994.9,-49732.1
paldiski,43034.4,-50442.4,43184.4,-50292.4
palermo,8350.9,70487.2,9600.9,71737.2
palermo,8664.6,73488.5,8794.6,73618.5
palermo,9177.9,73508.8,9297.9,73628.8
paluel,-33908.2,-95.2,-33308.2,504.8
pamplona,-55247.1,36771.3,-54997.1,36971.3
pamplona,-53769.7,38686.2,-53519.7,38886.2
pamplona,-53642.3,37235.9,-52942.3,37627.0
panevezys,45652.2,-30282.9,46752.2,-29682.9
panevezys,46149.6,-31115.6,47099.6,-30765.6
paris,-32634.3,4501.6,-31834.3,5501.6
paris,-31427.5,6366.1,-29427.5,7366.1
paris,-30527.2,4030.0,-28527.2,6230.0
paris,-28317.2,4337.6,-27317.2,5337.6
parma,-4652.4,31919.7,-4252.4,32569.7
parma,-3975.5,33170.7,-3825.5,33420.7
parma,-3406.6,33434.2,-2406.6,34434.2
parma,-3375.9,32453.7,-3233.9,32533.7
parnu,42958.8,-46650.7,43128.8,-46500.7
parnu,44076.6,-45757.8,45176.6,-44757.8
parnu,44147.5,-46084.8,44247.5,-45984.8
parnu,46005.7,-44916.0,46245.7,-44676.0
patras,44867.7,72120.8,45086.3,72327.6
patras,45937.6,70069.6,47550.5,71171.7
patras,48147.4,70000.6,48663.4,70194.7
pecs,28439.8,25941.5,29639.8,26641.5
pecs,29135.8,26816.1,29335.8,27016.1
pernik,47848.1,44712.8,48948.1,45712.8
pescara,12304.9,48752.0,12454.9,48952.0
pescara,12398.0,46328.0,13398.0,47328.0
pescara,12568.1,49474.3,12738.1,49644.3
pescara,12738.4,47804.0,12938.4,48004.0
pescara,13678.2,49271.9,13798.2,49391.9
pescara,14946.1,48996.6,15088.1,49076.6
petersburg,55429.8,-55101.2,55829.8,-54701.2
petersburg,55993.0,-56037.7,56793.0,-55587.7
petersburg,57242.7,-59161.2,57542.7,-58861.2
petersburg,59623.7,-57210.8,59923.7,-56910.8
petersburg,59646.6,-54118.6,60046.6,-53718.6
petersburg,60344.5,-57094.8,61344.5,-56494.8
petersburg,61349.5,-55278.3,61749.5,-54678.3
petersburg,61357.1,-57456.8,61757.1,-57206.8
petersburg,62271.2,-58104.8,62971.2,-57504.8
petersburg,63604.6,-58444.4,64004.6,-58044.4
pirdop,55105.7,39947.2,55305.7,40147.2
pirdop,55647.7,41832.8,55747.7,41932.8
pirdop,55687.7,42041.0,56187.7,42241.0
pitesti,55747.4,29392.4,56747.4,30392.4
pitesti,56175.1,28455.2,56375.1,28955.2
pitesti,56415.4,31775.7,56565.4,31925.7
pitesti,57677.3,27411.9,57877.3,27561.9
pleven,55903.4,37154.9,56203.4,37354.9
pleven,56844.5,37037.4,58344.5,37837.4
pleven,59310.0,37042.0,59510.0,37242.0
plovdiv,56984.7,44949.3,59484.7,47349.3
plymouth,-60566.5,-8502.4,-59516.5,-7302.4
podgorica,33036.6,44220.7,34884.8,46051.2
podgorica,33104.7,45889.3,33503.0,46667.9
podgorica,33205.7,46993.6,33557.3,47267.6
podgorica,34430.0,46807.0,34821.0,47150.8
ponte_de_sor,-87609.9,49702.1,-86409.9,50502.1
pori,33628.0,-62615.8,33928.0,-62365.8
pori,34271.7,-61264.5,34721.7,-60814.5
pori,34325.3,-62468.1,34475.3,-62318.1
pori,34494.8,-61889.2,34724.8,-61689.2
pori,34762.2,-61827.8,34962.2,-61627.8
pori,34844.5,-60877.4,35044.5,-60677.4
pori,35530.3,-61902.4,35730.3,-61702.4
port_sagunt,-51026.1,55138.2,-50026.1,56238.2
porto,-86656.7,35815.0,-84875.6,38165.0
porto,-86461.8,38180.2,-84187.9,40881.4
porto_vecchi,-8667.5,50931.6,-8517.5,51081.6
porto_vecchi,-8248.2,51510.4,-8098.2,51660.4
porto_vecchi,-8126.7,50690.0,-7126.7,51290.0
poznan,22313.3,-9682.3,23413.3,-8582.3
poznan,23992.1,-10290.1,24172.1,-10170.1
prague,10851.0,2076.7,11251.0,2476.7
prague,13699.6,3458.8,14899.6,4458.8
prague,15477.9,1684.2,15677.9,1884.2
pristina,41334.0,43537.7,41671.8,43999.0
pristina,41761.4,42808.8,43161.4,44508.8
pristina,42429.1,45888.7,42519.1,46048.7
pristina,42682.8,44333.2,43282.8,44933.2
pskov,55868.2,-44822.5,58068.2,-43222.5
pskov,56347.0,-42953.5,56497.0,-42823.5
pskov,57492.9,-45058.3,57642.9,-44908.3
pskov,58220.8,-44655.5,58370.8,-44505.5
puertollano,-70847.7,59072.2,-70330.5,59572.2
puertollano,-70063.0,58776.9,-69563.0,59331.2
puertollano,-69156.7,58812.3,-68656.7,59304.6
reims,-24312.1,5767.1,-23632.1,6367.1
reims,-24104.9,5610.0,-24004.9,5710.0
reims,-22595.4,5439.1,-22445.4,5589.1
reims,-21909.4,2715.9,-21359.4,3265.9
rennes,-48551.9,6075.9,-48051.9,6575.9
rennes,-48511.9,9734.5,-48011.9,10534.5
rennes,-47239.9,7144.5,-45839.9,8944.5
resita,43090.2,28534.5,44890.2,29734.5
resita,45436.4,28001.8,45636.4,28201.8
resita,45735.4,28926.5,45935.4,29126.5
rezekne,54860.5,-36839.8,55060.5,-36639.8
rezekne,54948.3,-36100.7,54958.3,-36090.7
rezekne,55025.5,-36588.5,55425.5,-36238.5
rezekne,55086.3,-35948.8,55686.3,-35348.8
rhodes,76328.3,78829.7,76479.7,79027.1
rhodes,76851.4,78171.9,77195.4,78343.6
rhodes,76941.5,75764.8,77941.5,77272.6
riga,40244.9,-39104.7,40424.9,-38924.7
riga,43515.1,-36828.1,43815.1,-36328.1
riga,43673.7,-35939.2,43873.7,-35819.2
riga,43827.9,-37984.8,45527.9,-36234.8
riga,43900.1,-34535.4,44100.1,-34335.4
riga,46087.5,-36952.0,46197.5,-36837.0
riga,47045.0,-37082.1,47155.0,-36952.1
rijeka,13866.1,29916.1,14866.1,30516.1
rijeka,15341.1,29077.0,15629.9,29353.6
rijeka,15759.8,29521.1,16209.8,30421.1
roma,3784.7,49140.1,4484.7,49840.1
roma,4309.9,50268.6,4508.0,50458.3
roma,4842.3,48177.1,5142.3,48477.1
roma,5511.1,48579.2,7011.1,50379.2
roma,7684.0,48520.4,7984.0,48820.4
roma,8442.4,52995.4,8792.4,53145.4
roma,8712.5,48581.2,8782.5,48721.2
roma,9497.2,52218.5,9647.2,52368.5
roscoff,-53998.0,2795.3,-53398.0,3405.3
rostock,5624.9,-19578.6,7484.7,-18487.4
rostock,6015.5,-21167.0,8248.1,-19970.7
rotterdam,-23714.7,-7728.4,-23604.2,-7621.6
rotterdam,-22854.7,-9852.9,-21451.3,-9171.6
rotterdam,-20545.3,-9305.7,-19827.4,-8554.7
rotterdam,-19737.6,-10086.5,-18267.8,-8891.9
rovaniemi,36444.5,-92316.8,37083.0,-91696.8
rovaniemi,39149.5,-90956.6,40620.3,-89706.5
rovaniemi,40818.1,-92470.5,41794.8,-91679.5
ruse,60308.0,35798.3,60808.0,36098.3
ruse,60517.4,34740.2,60817.4,35040.2
ruse,60953.9,34599.6,61953.9,35499.6
ruse,60997.8,33228.4,61797.8,33828.4
ruse,61484.0,33866.5,62584.0,34566.5
ruse,63188.9,36246.9,63388.9,36446.9
salamanca,-75849.0,42518.0,-74849.0,43518.0
salamanca,-74683.3,41066.2,-74383.3,41366.2
salamanca,-73928.5,45662.2,-73628.5,45962.2
salamanca,-73895.1,43531.7,-72695.1,44431.7
salamanca,-73526.0,43417.7,-73426.0,43517.7
salzburg,7393.5,19109.2,7593.5,19309.2
salzburg,7463.0,18530.2,7613.0,18680.2
salzburg,8519.5,15274.6,9773.0,16764.3
salzburg,9265.8,15048.6,9423.6,15263.9
salzburg,9348.2,14180.5,9834.7,14901.8
salzburg,10510.5,19815.4,10660.5,20015.4
sangiovanni,19020.7,70314.0,19510.7,71024.0
santander,-62560.5,31170.2,-61201.9,32643.2
santander,-61371.4,32630.2,-61160.6,32750.2
santander,-61212.3,32637.2,-61000.9,33214.6
sarajevo,29366.7,38639.2,29912.5,39257.0
sarajevo,29927.3,37528.9,31677.4,39123.3
sassari,-12416.4,54433.7,-12166.4,54733.7
sassari,-11556.4,55186.9,-11551.4,55191.9
sassari,-11428.7,54969.0,-10928.7,55669.0
sassari,-11383.4,58024.1,-11233.4,58174.1
sassari,-11104.4,56738.8,-10954.4,56888.8
sassari,-10915.2,55201.5,-10215.2,55901.5
setubal,-92017.0,53957.4,-90917.0,54957.4
sevilla,-81765.9,62051.1,-81365.9,62349.5
sevilla,-80651.1,62085.9,-78801.1,63585.9
sevilla,-78606.8,62924.0,-77806.8,63824.0
sevilla,-78112.0,61865.7,-77512.0,62249.4
sevilla,-77486.6,61386.7,-77186.6,61686.7
sevilla,-76195.4,62114.0,-75695.4,62614.0
sevilla,-75411.5,63882.4,-75111.5,64182.4
sheffield,-43638.2,-25597.9,-43138.2,-25097.9
sheffield,-43088.9,-27107.7,-42288.9,-26307.7
siauliai,42083.0,-30253.3,42433.0,-30078.3
siauliai,42563.6,-31373.9,43813.6,-29673.9
siauliai,43086.5,-31565.3,43206.5,-31445.3
sines,-92331.5,55848.5,-91331.5,57048.5
sines,-92058.7,57808.4,-91758.7,58108.4
sines,-91655.0,58180.0,-91355.0,58480.0
skelleftea,28219.6,-82048.6,31154.0,-80385.3
skelleftea,30555.5,-82101.1,30669.1,-82001.1
skopje,41527.0,48842.9,41661.6,49114.8
skopje,42714.0,47345.2,44600.4,49075.5
skopje,43049.2,47070.5,43418.0,47342.4
skopje,45250.2,47019.8,46077.3,47376.7
skopje,45600.5,48147.2,46032.3,48786.6
skopje,45788.8,48473.6,46088.8,48773.6
sodertalje,23325.1,-46540.0,23725.1,-46140.0
sofia,48359.6,37570.6,48559.6,37770.6
sofia,49601.9,41053.3,49751.9,41203.3
sofia,50216.1,43082.9,51166.1,43907.9
sofia,50404.7,41995.5,51904.7,42945.5
sofia,51002.2,40573.8,51152.2,40723.8
sofia,51033.6,43920.2,51533.6,44320.2
sofia,52420.7,40369.0,52920.7,40869.0
soria,-59305.1,41603.1,-58443.5,42453.1
sosnovy_bor,54699.0,-54784.6,55199.0,-54284.6
southampton,-47053.1,-8180.1,-46853.1,-7980.1
southampton,-46838.9,-7893.4,-45838.9,-7193.4
split,21267.4,39421.3,22962.5,41703.9
split,22862.0,38972.9,23753.1,39507.1
split,22960.5,39766.5,23266.7,41373.1
stavanger,-11775.6,-48866.8,-11230.3,-48492.9
stavanger,-11704.1,-49553.2,-11390.2,-49287.8
stavanger,-10840.9,-49463.0,-10640.9,-49263.0
stavanger,-10819.9,-48349.3,-10301.6,-47843.6
steinkjer,6061.4,-75766.2,7374.5,-74630.6
steinkjer,7111.3,-74299.4,7283.8,-74126.9
steinkjer,10673.6,-78537.5,10798.2,-78399.2
stockholm,24324.1,-48392.5,25074.1,-47763.9
stockholm,24371.7,-49382.9,24471.7,-49282.9
stockholm,24425.0,-47688.1,24953.7,-47199.9
stockholm,26050.9,-49442.4,27050.9,-48442.4
strasbourg,-14894.8,13047.4,-14394.8,13547.4
strasbourg,-11387.1,10537.3,-10187.1,11819.8
stuttgart,-5746.3,9265.7,-3726.3,10223.6
stuttgart,-5075.2,11556.6,-4375.2,11756.6
sundsvall,20718.7,-66916.7,24039.8,-64716.7
sundsvall,21663.0,-67463.4,21931.6,-67098.7
sundsvall,24160.8,-67461.8,24336.7,-67309.8
suzzara,-1130.9,31926.7,-430.9,32626.7
suzzara,-610.6,31425.3,-468.6,31505.3
svolvaer,12228.8,-101478.2,14905.1,-99391.0
swansea,-57646.1,-17652.1,-56146.1,-16152.1
szczecin,14502.5,-15569.9,15602.5,-14569.9
szeged,35870.5,24372.9,36020.5,24542.9
szeged,36318.1,23928.1,37443.1,25163.1
tallinn,43213.4,-51613.8,45563.4,-50163.8
tallinn,43293.7,-50073.4,43543.7,-49723.4
tallinn,43827.2,-49037.5,43992.2,-48872.5
tallinn,44039.8,-48623.7,44189.8,-48473.7
tallinn,46048.5,-51648.2,46498.5,-51298.2
tallinn,46386.2,-52260.6,46886.2,-51760.6
tampere,38815.9,-60248.6,39015.9,-60048.6
tampere,38877.7,-63016.7,39377.7,-62616.7
tampere,38893.9,-61044.9,39093.9,-60894.9
tampere,39154.4,-61440.0,39304.4,-61290.0
tampere,40138.7,-62610.9,40338.7,-62410.9
tampere,40692.9,-61798.8,40892.9,-61598.8
tampere,41719.6,-62224.0,41969.6,-61974.0
taranto,22861.6,56809.5,23011.6,56989.5
taranto,24607.4,56119.4,24697.4,56261.4
taranto,25095.6,57016.4,25245.6,57166.4
taranto,25301.9,56882.5,25801.9,57382.5
taranto,25439.8,57405.4,25639.8,57805.4
taranto,25490.4,57821.3,26490.4,58321.3
taranto,26143.2,56733.8,26543.2,57133.8
targu_mures,52709.6,19237.1,55209.6,21037.1
targu_mures,54237.1,18901.5,54357.1,19021.5
tarragona,-43568.7,48597.6,-42068.7,49646.4
tarragona,-43038.2,48162.6,-42638.2,48562.6
tarragona,-42976.1,47247.3,-42622.4,47647.3
tartu,48073.0,-47292.5,48223.0,-47142.5
tartu,49820.7,-47470.7,50040.7,-47250.7
tartu,49923.6,-47218.0,50473.6,-46318.0
tartu,50686.3,-46878.1,51207.7,-45977.9
tartu,51111.4,-45904.2,51711.4,-45304.2
tartu,51480.5,-46706.7,51830.5,-46386.7
tartu,51608.6,-47936.2,51808.6,-47736.2
tekirdag,65782.9,50865.1,65982.9,51065.1
tekirdag,66620.4,50525.2,66760.4,50665.2
tekirdag,68190.4,48967.7,68990.4,50517.7
tekirdag,68921.3,48854.9,69816.2,49650.4
tekirdag,71224.5,49120.8,71424.5,49320.8
terni,6216.5,45691.7,7216.5,46691.7
terni,9768.2,44388.4,9888.2,44508.4
teruel,-55856.4,52184.7,-55356.4,52684.7
teruel,-53817.2,51245.8,-53597.2,51465.8
thessaloniki,49034.8,55785.6,49124.6,55866.6
thessaloniki,49399.4,54162.2,49657.2,54422.2
thessaloniki,50368.4,54633.0,52199.7,56568.6
thessaloniki,50749.3,54249.0,51316.0,54719.8
thessaloniki,52046.5,53527.7,52687.3,54249.2
timisoara,40307.1,26412.7,40407.1,26512.7
timisoara,40365.4,25875.1,40565.4,26075.1
timisoara,40552.2,26320.0,42252.2,28220.0
timisoara,42513.0,26472.4,42753.0,26722.4
timisoara,42514.1,27187.9,42914.1,27387.9
tirana,37012.1,50528.4,37723.1,51697.4
tirana,37496.6,50254.8,37601.6,50390.4
tirana,37720.4,50471.6,38829.2,52174.5
tirana,37888.7,49275.1,38121.1,49579.7
tirana,38173.6,50267.7,38234.6,50353.7
tirana,38423.5,50093.9,38675.2,50423.2
tirana,39078.7,52446.6,39408.2,52829.5
torino,-13222.4,30211.9,-12172.4,31611.9
torino,-12412.9,29226.2,-12262.9,29386.2
tornio,36624.8,-89404.6,36819.8,-88702.4
tornio,37341.4,-87570.9,38683.1,-86483.2
tornio,38805.0,-87573.1,38958.1,-87309.3
tornio,39340.8,-86383.3,39470.1,-86256.0
toulouse,-41079.1,34178.8,-40079.1,35678.8
toulouse,-40063.4,34895.5,-38364.5,36395.5
travemunde,2159.0,-20008.5,3751.8,-19130.0
travemunde,3896.8,-18957.9,4181.3,-18740.2
trelleborg,10508.2,-26107.2,11108.2,-25707.2
trelleborg,11687.9,-26655.1,11787.9,-26515.1
trieste,10154.1,27184.2,11033.3,27909.0
trieste,12023.4,27993.1,12096.7,28013.1
trieste,12041.7,26760.8,12042.2,27049.3
trikala,46207.7,61981.9,47532.0,62803.7
tromso,23170.9,-112476.4,25539.5,-111172.9
trondheim,2719.4,-73711.3,4081.6,-72409.2
trondheim,3722.3,-71707.4,4128.9,-71143.3
trondheim,4243.0,-70990.5,4597.7,-70722.5
trondheim,4289.7,-72251.4,4686.9,-72095.6
trondheim,4375.3,-72546.4,4626.0,-72314.5
trondheim,4857.0,-72385.1,5236.2,-71948.6
turku,34423.7,-58086.4,34598.7,-57911.4
turku,36022.7,-56376.1,37412.7,-55676.1
turku,36605.7,-58392.7,36805.7,-58192.7
turku,37523.5,-58958.1,37723.5,-58758.1
turku,37658.1,-56786.3,38208.1,-56336.3
turku,38409.3,-57441.6,38809.3,-57041.6
tuzla,30240.9,33659.9,30491.5,33971.4
tuzla,30376.6,34273.1,30887.1,34618.3
tuzla,31214.5,33911.9,31410.8,34349.6
tuzla,31410.6,33603.4,32714.4,34331.5
tuzla,32191.7,34830.5,32474.6,35023.9
umea,27257.3,-76920.5,29607.5,-74082.0
umea,29966.9,-74342.9,30692.0,-73038.1
umea,30015.7,-77422.7,30199.9,-77207.0
uppsala,23521.3,-52104.6,24521.3,-51204.6
uppsala,23988.7,-52218.9,24042.3,-52134.7
utena,48443.2,-29248.2,48563.2,-29098.2
utena,49343.8,-30265.8,49583.8,-30045.8
utena,50128.1,-30060.5,51428.1,-29060.5
utena,50725.3,-30933.9,50905.3,-30753.9
vaasa,32036.2,-71706.2,33960.2,-70368.0
vaasa,34481.7,-71482.4,34637.0,-71324.5
vaasa,34540.1,-70969.3,35408.3,-70073.7
valencia,-53739.5,56257.2,-52439.5,57057.2
valencia,-52433.3,56537.1,-50633.3,58337.1
valencia,-51988.2,59372.8,-51688.2,59672.8
valencia,-51844.2,60015.0,-51344.2,60515.0
valencia,-51217.1,59699.5,-50817.1,60099.5
valladolid,-68644.4,39856.8,-68244.4,40256.8
valladolid,-68298.2,40437.6,-67548.2,41137.6
valladolid,-67544.9,40134.3,-66344.9,41834.3
valladolid,-67051.0,39631.2,-66251.0,40131.2
valladolid,-66155.9,38337.0,-65855.9,38637.0
valmiera,46569.3,-39290.5,46869.3,-38990.5
valmiera,47007.3,-40337.7,47177.3,-40177.7
valmiera,47228.8,-41639.5,47328.8,-41539.5
valmiera,47622.9,-41103.9,48322.9,-40503.9
valmiera,48501.7,-40811.6,48921.7,-40511.6
valmiera,49258.4,-40563.8,49458.4,-40363.8
vandellos,-45807.7,50172.6,-45507.7,50672.6
varna,66513.8,35107.7,66663.8,35257.7
varna,69251.7,35442.1,70934.9,37442.1
vasteraas,20583.8,-50711.9,21383.8,-50264.9
vaxjo,11829.5,-34776.4,12016.8,-34588.5
vaxjo,14943.5,-34397.6,15193.5,-34147.6
vaxjo,15340.5,-35140.3,16590.5,-34440.3
veli_tarnovo,60059.9,38698.2,60459.9,39298.2
veli_tarnovo,60463.3,38164.3,61063.3,39514.3
veli_tarnovo,60468.2,39603.1,60668.2,39803.1
veli_tarnovo,60802.6,37909.0,61002.6,38109.0
venezia,4689.8,29658.8,5489.8,30458.8
ventspils,35879.6,-39182.1,37479.6,-37982.1
ventspils,36817.8,-37416.7,37017.8,-37216.7
ventspils,37488.8,-38747.0,37658.8,-38617.0
ventspils,37767.9,-39780.3,37917.9,-39630.3
verona,-1407.3,27876.6,-1257.3,27996.6
verona,-461.0,28983.2,539.0,29883.2
vigo,-85371.5,31880.6,-84071.5,33280.6
vigo,-82863.6,33282.7,-82063.6,34082.7
villarreal,-49979.6,53263.8,-49479.6,54063.8
vilnius,48093.6,-24765.8,48443.6,-24415.8
vilnius,48726.1,-26531.3,49876.1,-25931.3
vilnius,49462.4,-26077.6,51662.4,-23905.8
vilnius,50794.1,-23850.7,50944.1,-23700.7
vlore,35951.0,56421.0,37520.5,57529.4
vyborg,53965.1,-60641.9,54965.1,-59841.9
vyborg,55397.8,-61497.2,55697.8,-61275.2
warszawa,36644.8,-10356.0,38244.8,-8556.0
werlte,-9597.4,-13020.5,-8897.4,-12420.5
wien,19939.6,13465.9,21709.6,14465.9
wien,20404.9,11754.3,20604.9,11954.3
wien,20646.0,15873.0,21256.0,17123.0
wien,21788.6,15752.0,22288.6,16152.0
winsen,863.6,-15443.0,1670.2,-14659.0
wroclaw,21893.8,1116.9,22243.8,1536.9
wroclaw,22381.9,-728.6,22561.9,-598.6
wroclaw,22802.8,-3021.1,24202.8,-921.1
zadar,16790.4,36096.5,18161.0,37578.2
zadar,18246.8,37961.7,18646.8,38461.7
zagreb,20098.4,27373.9,20773.9,27946.4
zagreb,20231.3,26571.2,20966.3,27268.1
zagreb,21030.6,26455.0,22204.8,27445.2
zagreb,21155.8,27433.2,21466.5,27853.8
zaragoza,-54296.9,43681.9,-52796.9,44881.9
zaragoza,-53257.1,42555.3,-52857.1,42955.3
zaragoza,-51574.5,43273.9,-49682.0,44773.9
zenica,26250.2,37095.1,26448.9,37365.1
zenica,27546.7,36509.7,28015.8,36779.7
zenica,28040.4,36912.5,28239.1,37182.5
zenica,28225.2,35576.4,29208.2,36817.2
zenica,29237.3,34179.6,29669.5,34464.8
zurich,-9999.0,18172.2,-9349.2,18870.8
zurich,-9609.9,16031.1,-8917.8,16424.8
zurich,-9438.8,16747.2,-8169.7,18410.2
zurich,-9370.6,14667.4,-9084.1,14815.2
zurich,-4898.1,20936.9,-4798.1,21084.3
