name,code,fuel_price
Albania,AL,2.214
Austria,A,2.109
Belgium,B,2.289
Bosnia and Herzegovina,BIH,1.633
Bulgaria,BG,1.527
Croatia,HR,1.672
Czech Republic,CZ,1.911
Denmark,DK,2.555
Estonia,EST,2.071
Finland,FI,2.117
France,F,2.109
Germany,D,2.273
Greece,GR,2.055
Hungary,H,1.574
Iceland,IS,2.000
Italy,I,1.967
Kosovo,RKS,1.475
Latvia,LV,2.070
Lithuania,LT,1.952
Luxembourg,L,2.077
Montenegro,MNE,1.570
Netherlands,NL,2.253
North Macedonia,NMK,1.549
Norway,N,2.247
Poland,PL,1.781
Portugal,P,2.046
Romania,RO,1.961
Russia,RU,0.829
Serbia,SRB,1.804
Slovakia,SK,1.528
Slovenia,SLO,1.696
Spain,E,1.771
Sweden,S,2.220
Switzerland,CH,2.360
Türkiye,TR,1.509
United Kingdom,GB,1.928
